group,Sleep,Personal Care,Household Activities,Work,Education,Shopping,Eating/Drinking,Leisure,Athletics,Other
1_1,8.493313357956875,0.8427141732369455,0.6511002429276974,0.4265142250271737,6.21190939527884,0.594606530780313,1.2699044511542246,1.9953476831074606,2.4476605022109084,1.0669294383195624
1_2,7.591174054511827,1.1842403656457923,0.5641378601341416,0.4624741443173871,7.783458813902188,0.44501582247886706,1.4882943564894826,1.7811686459939349,1.8489591655626074,0.8510767709637679
1_3,8.231179622935166,0.9761219791771254,0.6378422274359346,0.5257089553362149,7.086597030587216,0.3888788248941422,1.6595448147605545,2.1425294957881924,1.5463753334210883,0.8052217156643664
1_4,7.104125799829822,0.950228355568381,0.6078987912951944,0.5453293934310529,8.060212256174125,0.4945550500377315,1.3624723317060417,2.1818308112703293,1.8190791635040657,0.8742680471832536
1_5,7.788670203498877,0.976659983383399,0.5177250919279461,0.44777997781255574,7.630522264818039,0.46320819338270336,1.7369671065207168,1.7016248517172277,1.7058398801803853,1.0310024467581516
1_6,7.769870555036663,1.040881085164021,0.6075078186622832,0.5754179833198674,6.705121612062474,0.5915030994912849,1.2857763916718579,2.0399574628023625,2.39506499525174,0.9888989965374443
1_7,7.80951222994077,0.8866123008284144,0.6056437895973273,0.5391162408223866,7.0948146811176205,0.5203064046903632,1.4184903052035898,1.779199720202775,2.3572088591115383,0.9890954684852159
1_8,8.430783682709622,0.8428994461400762,0.5767495960993526,0.478728197827954,6.6113785737968,0.45444895105730965,1.5739853140715818,2.3323768692905817,1.7231004504162848,0.9755489185904389
1_9,7.58533984182699,0.9905378057417982,0.6697715168411948,0.413851026764671,8.135614585919011,0.41911000691768446,1.3533267976044512,1.6168225261868465,1.8152700143086207,1.0003558778887351
1_10,7.858623878397356,1.1746008066330929,0.5672434015241126,0.56835906181311,7.004470515564293,0.4922228173588149,1.3348593666187665,1.723010719665424,2.123330717070828,1.1532787153542043
1_11,7.4718506393537165,0.8941433694358757,0.7091251260117721,0.5106440746180836,6.6103600468631525,0.47478985230594173,1.4033015165650184,2.361587797946293,2.4080192070657933,1.1561783698343597
1_12,7.365616762470628,0.9549297198011504,0.6288177599547637,0.4910030261517273,6.910440077080823,0.5048594603514823,1.924843118855067,1.8982110432677874,2.4051842889959794,0.9160947430705935
1_13,8.780435198428645,1.066762668714876,0.591215119539439,0.42861175047103206,6.771333940341831,0.5171978066583973,1.3760246852818145,1.7424463677970745,1.7819432493878051,0.9440292133790871
1_14,7.835329038036596,0.930709088088369,0.695320426628617,0.5078167878819353,6.629677824784903,0.40515705779042455,1.7241060647715556,2.1773643640639126,1.8996849735208112,1.1948343744328758
1_15,7.303500767118994,1.1195849778596139,0.6415625369263563,0.5960185749033061,6.587970328182636,0.5200134528769759,1.618671323092216,2.2338415193520307,2.483829189064921,0.895007330622951
1_16,7.214468765532869,1.0513413711459263,0.5934892346026288,0.5616635499112762,7.5462496754935415,0.5591084467500442,1.570227223289471,2.0844923662097,1.97901678202286,0.8399425850416851
1_17,7.767459116103028,1.0485986815644186,0.5126492593330478,0.4976724621769799,7.194056421780273,0.5227497318789901,1.6068601986044102,1.8942901481740675,1.9641338693789243,0.9915301110058585
1_18,8.1449128704124,0.8167252356773494,0.5573332219737135,0.49908132993118126,6.55379609685504,0.5581996867668002,1.5198767168728549,2.0758677172718785,2.374656590303366,0.8995505339354193
1_19,7.413340905411131,0.9843476901668524,0.600756500621795,0.4936045000844943,7.505759568469507,0.5067169127051978,1.3147089671250605,2.20050449860991,2.1671565182455153,0.8131039385605368
1_20,7.1730280643430335,1.099827691034633,0.5569574598313658,0.47385882362804155,7.140757473464172,0.5525239563271562,1.5316473460579454,2.2902523126293897,2.1483059426432276,1.0328409300410342
1_21,8.963631915768033,0.8128830863243668,0.7081146477703921,0.43355936198562073,5.91141297632088,0.4617161457060205,1.6547862895602465,2.381612666737321,1.6530211602383185,1.0192617495888034
1_22,8.389055407650497,0.9199000573736351,0.6946502872552884,0.5187862252390568,6.181373492168648,0.42810145554248386,1.623195981895357,1.9639022447846037,2.316143656479263,0.9648911916111637
1_23,8.079839225533352,1.0443452838789982,0.5657504514673422,0.46300418783747493,7.455352636120168,0.4563777180905909,1.3549858551233027,1.765308486360505,1.8622290918932491,0.9528070636950162
1_24,8.312382928355582,0.9034360071564196,0.6003810003717194,0.5073852649347769,7.477359163627577,0.426026603748942,1.2589690782221485,1.827057767892938,1.6749254999940972,1.0120766856957986
1_25,8.05107090197298,1.272764275307761,0.5912618751263813,0.5861054649599795,6.727412002892642,0.463126438956295,1.335636678685969,1.980585294886036,2.0446708536931943,0.9473662135187615
1_26,8.488169532651826,1.0061143409352042,0.7022380270682638,0.6005691459813987,6.634747869128072,0.5976971074990681,1.5072362860569257,1.8147391332956366,1.7472920966098275,0.9011964607737761
1_27,8.836557908296575,1.1206402552494723,0.5157717213252444,0.44567845956615676,5.733241573327296,0.5519517818700774,1.2334443825589672,2.260474541869728,2.3544042773063207,0.9478350986301616
1_28,7.894322595881335,0.9081051858847226,0.6032251526771467,0.4311964103177983,7.438724651996097,0.5072522701281778,1.7045484383555243,2.139407204990661,1.6065375312161998,0.7666805585523351
1_29,7.964259493698049,1.174041259040462,0.5961722216404415,0.5834525949077836,6.002376541734023,0.4312578359744216,1.3348065116441339,2.3060452298397482,2.4500239109572894,1.157564400563646
1_30,8.970941225703186,0.9618812197395554,0.47963463010998486,0.5107244895803399,6.414780725198178,0.3909382942829594,1.4295385135947036,2.2031639390742073,1.8490540508013482,0.7893429119155329
2_1,8.657799444277085,0.8167104228146982,0.6650201980976269,0.4968702013346411,6.683176672287392,0.4546090316113845,1.5921502470351743,1.8528146504451335,1.698035500253801,1.0828136318430635
2_2,7.240404873082254,1.2704148908125057,0.7509935981100281,0.543768392995948,6.975904461525398,0.4745254475169925,1.3962025886499072,1.922268905859752,2.412638339728595,1.012878501718621
2_3,6.962271813831158,1.0740376220362429,0.7708506234931922,0.5472470996618176,6.250610524063072,0.6335463203932543,1.8750459222285525,2.4776422384227135,2.240103423860572,1.168644412009423
2_4,7.356993514263374,0.9543830680330883,0.532239381491725,0.5316774264723234,7.688891574697412,0.43732342467408036,1.3301091962570293,1.9178384580833088,2.235574522546084,1.0149694334815746
2_5,7.530116164960004,0.8588181494483632,0.733849971357476,0.6173738395760777,6.902137023284979,0.6003465042412894,1.7433954643809075,1.7983557388851157,2.1871217509110177,1.0284853929547695
2_6,8.022588830237142,1.1524305617302346,0.6820475417617832,0.42212100548470427,5.967793518885278,0.595677093688756,1.6366227613760762,2.313535154761449,2.104733152876287,1.102450379198287
2_7,6.69648242551503,1.134955159383007,0.6375434344129718,0.42678751222647454,8.261252118573902,0.5503629057241168,1.5563843290410162,1.7809484372288944,1.9171884667410322,1.0380952111535526
2_8,8.282771954069126,0.8418981320633236,0.4799546308020137,0.4106391909880178,7.003320485067095,0.5309900026170108,1.7455223027014282,1.8214012720533521,1.9760067080009365,0.9074953216376935
2_9,7.401838223265394,1.100294796338695,0.6642251642102216,0.5277265775162181,7.22866766951168,0.49408817709952435,1.4809380219552981,2.268820473568668,1.9508428877024484,0.8825580088318504
2_10,8.237457102054211,0.8534073124388912,0.5901973975490875,0.3877562613120028,7.620669240637907,0.5454524888854613,1.5373568243249482,1.4905863906600172,1.9180784050687003,0.8190385770687727
2_11,8.260743475513983,0.9596218160846222,0.6430830094241,0.5188521638916135,6.335766642588904,0.5393057324116903,1.4854843727982776,2.0201387829374564,2.2046616467673603,1.0323423575819874
2_12,7.469267713609629,0.8988448557188387,0.5992279618108624,0.5015560288492612,7.6012222777345055,0.4614596041225224,1.6549269893763308,2.003583126992834,1.8721059181173612,0.937805523667852
2_13,6.912484312348048,1.0017145679948714,0.6929273239327298,0.47290989445594256,7.000964194263579,0.5794599642611205,1.7402212153724426,2.262047976335923,2.1803805001659544,1.156890050869388
2_14,7.731776871287037,1.2274874361214816,0.7154997937695832,0.44778903304829787,6.3918267140549645,0.6131535713507436,1.721313014707155,1.7877187903186147,2.361776089374749,1.001658685967372
2_15,6.7893412025369955,1.1176714054162877,0.5784346289585406,0.555343670392224,8.146586460773737,0.44524039247513275,1.4176446527417648,1.6573490739843937,2.303679859905843,0.9887086528150775
2_16,8.973118234525082,0.7921757194886129,0.6609142920912788,0.4070249891221858,6.694445088121016,0.5484940616932112,1.3184155734490757,1.717552165157537,1.7986182590067783,1.0892416173452235
2_17,7.368836325582601,1.088669981595573,0.6303545016396075,0.45730642601674965,7.315227571303714,0.5993168956161916,1.2623353362325331,2.278565499992296,1.9407335823009555,1.0586538797197804
2_18,6.768692515386969,1.1120930743801738,0.6646611162181315,0.49103612823684584,7.585106223227076,0.4470910372661511,1.8131159507949755,2.249593910751245,1.6838025657619475,1.1848074779764823
2_19,6.845721912325377,1.031169013657929,0.6064590746170709,0.6172609550936372,7.405226074938209,0.6142036129452266,1.3753578206688934,1.9221140283990241,2.530577283173724,1.0519102241809108
2_20,6.920605772365285,0.8420032206351653,0.61759986391785,0.4424651181813051,8.420947071426585,0.46744934080279976,1.7596255266850749,1.6533772597379204,1.8889259538533256,0.9870008723946854
2_21,8.687663437813649,0.8106500744827785,0.5506054239815851,0.5357619062554864,7.192800080513067,0.3992121982085275,1.360997543546138,1.79024013768042,1.7194894401633467,0.9525797573550054
2_22,7.075078368392987,1.025721278648846,0.6491881275070343,0.6221091492308582,7.511352770638879,0.5660085865721405,1.812555127339247,1.7228804173832577,2.121356605763756,0.8937495685229895
2_23,6.986384217166286,1.092277604452813,0.6092807504123425,0.42252831355372983,7.708596978398228,0.540394992245282,1.8097837254522118,1.7900269169358891,1.8619928483591437,1.1787336530240726
2_24,8.662186354134816,0.866623476829399,0.6354316391638893,0.47314897198173556,6.789918511435803,0.38790298912977994,1.4166971408654327,1.736949013509076,2.218693591011653,0.8124483119384193
2_25,7.426711510701026,1.04437850873986,0.6279928802970068,0.5402639114136633,7.632817770775656,0.4156436239235085,1.6922675277416444,2.041336888155538,1.6357400320380577,0.9428473462140384
2_26,8.162080498524404,1.1110944181667102,0.7035903500064309,0.5145259605417178,7.287991409288637,0.4200719629157236,1.1833986816363535,1.7615148049599538,1.910145667822642,0.9455862461374269
2_27,7.9962210638716815,0.9214157346886869,0.6214647625039268,0.4998117368817684,6.840148363044287,0.5806540036843585,1.6403257560418396,1.7628516091610327,2.2595314657588403,0.877575504363583
2_28,8.180384056881266,1.0283659744595213,0.6317993215547859,0.5618356881326254,5.98430945025334,0.5126947302854922,1.510632032928831,2.2338986408530133,2.249108192240903,1.1069719124102226
2_29,8.471005043409276,0.8236377763024119,0.5115493197561657,0.5464542621677456,7.302189005243179,0.5459289318222736,1.4796139101013805,1.8826014678852827,1.5221555210769844,0.9148647622353037
2_30,7.401426926440465,0.9636744031430254,0.7213273608640818,0.509648338874613,6.9441102308470315,0.6588545589639121,1.9147240123980072,1.8544980569669782,2.0856456184412844,0.9460904930606037
3_1,8.438935252514243,1.039817645857726,0.6264564137297141,0.568621249534556,6.635697794048842,0.4229209652961504,1.3127357221019265,1.9635774551652037,1.842664581309084,1.148572920442554
3_2,7.135669214661119,0.9091434848406217,0.7128930687751136,0.6258508404276806,7.996351027587817,0.557974888162297,1.3957724137726426,1.9947247488588704,1.7527429483996833,0.9188773645141561
3_3,8.631510405734954,0.7589079584791842,0.48380610643954725,0.3812585627123788,7.14518865496946,0.5180761837883862,1.5327400779048537,2.034365955872791,1.516899710757869,0.9972463833405749
3_4,6.75292430570679,1.0272097962264062,0.631064351785427,0.5213353006448217,7.597051583065962,0.3985674714254969,1.6005383477327995,2.13534782310961,2.2436563358973864,1.0923046844053
3_5,6.924031683223737,1.155731118013158,0.6574444317397691,0.5313260914289186,6.658146016764297,0.6135483174247132,1.701374194305953,2.374068970030025,2.437978604537176,0.946350572532251
3_6,8.98482186647049,1.161576517786792,0.500500308113278,0.5564748851693697,6.212511630087622,0.4780514717501221,1.2708322873953914,1.8114673877710064,1.8139168422504826,1.209846803205443
3_7,8.003594752954102,1.0175999856974107,0.5770242470035727,0.4852716890139901,7.071641152570753,0.5123396115488504,1.229072571849772,2.023054097576905,2.0347331401498923,1.045668751634752
3_8,8.648547115260733,1.0834634528005185,0.6094569827909292,0.5485043863076274,5.934435426785395,0.5585778912550043,1.511874104927054,1.9861458256694786,2.248340428032195,0.8706543861710664
3_9,8.135697039556238,0.9547404301715143,0.5328450817614365,0.5356135474761383,6.267342752589249,0.47633191555758225,1.5977012305507132,2.1075641194596986,2.244080651399846,1.1480832314775855
3_10,8.433861405366216,0.9218683413652973,0.6430142023608929,0.4743396510538639,6.556514544382427,0.4337121948258845,1.4777069722683127,2.1338113718214258,1.9826278374864954,0.9425434790691842
3_11,8.37490306560108,1.022259469929123,0.44484344525663344,0.3829976923291782,7.2209291841260885,0.36863892065025516,1.1325596553593091,2.0386465787891255,1.9404906410300444,1.0737313469291632
3_12,6.698912185133199,1.1479584079086844,0.5658573662950088,0.5528450331343209,8.143047217109864,0.6022160436916101,1.7694042053366363,1.7554272167706277,1.7971315986762826,0.9672007259437648
3_13,7.45880622823437,0.9945836949721203,0.6606590373402672,0.5218463495838273,7.764664834735137,0.4316660656232543,1.616690475780004,1.6782460904304521,1.7903904783280127,1.0824467449725528
3_14,8.578242006049464,0.8733172457173524,0.5317887355035442,0.4619825775265623,7.435191866479817,0.5173756022766829,1.327566362585351,1.6188065671350338,1.7889151944964188,0.8668138422297725
3_15,7.091103929712168,0.8571604567374631,0.4743044358703792,0.4185311007948205,7.855541444712971,0.5286500365495466,1.5650227136419956,2.0318023351308994,2.2083220380447446,0.9695615088050076
3_16,7.428262983607244,1.0351129731252977,0.7521584641580725,0.5237397670272531,6.616983623525147,0.5449325358654309,1.5655477772097193,2.450670045219026,2.017582074655643,1.0650097556071656
3_17,7.059199048796868,1.1122822180748009,0.6163174939580273,0.4305404234906382,7.576702321613071,0.44921546862660894,1.3679983213644542,2.0337725031004568,2.336814610387677,1.0171575905873986
3_18,7.683180296886053,0.8296818589929182,0.5360819866170409,0.5468175666912971,7.692592850034568,0.5397613373639387,1.4749582369806586,2.029459557411561,1.6167899029145374,1.0506764061074265
3_19,7.957058035503486,0.8638043510431721,0.6149783142002985,0.3939015985837373,7.775737043033375,0.38461393058313353,1.1626528560126996,1.6195663191319887,2.188960581116497,1.0387269707916125
3_20,7.816195049295022,0.7780027462490806,0.4589855795021093,0.4165393470933827,7.735262319411368,0.4587486974818526,1.1744894470965046,2.068930924878935,2.0909252634290505,1.001920625562694
3_21,7.1837230685298605,0.9758418903966164,0.5890632247839411,0.5656064096711858,8.23412816407864,0.4859280240183095,1.3844078532232043,1.5938182371166545,1.94656533274948,1.0409177954321107
3_22,7.880834952037294,0.887503568228307,0.535474332368919,0.46622087175683713,7.383467898365369,0.506952265814847,1.5733008928470067,2.1901195711117882,1.6162642942434782,0.9598613532261508
3_23,7.7111617873055724,1.1560206302796217,0.6871551793685164,0.504315880078278,7.074294026482644,0.5845041989350556,1.5477377171323345,2.0287314875425824,1.5822720777249573,1.1238070151504402
3_24,6.99762473019517,0.8707847814461815,0.6152622214736907,0.46015572707101793,7.6863619474487805,0.43523185900667066,1.6265229318179666,2.0871104735656583,2.3514838541637726,0.8694614738110906
3_25,7.541973366650922,0.9109655785992365,0.4723668267377322,0.4651758132223046,7.854408123006046,0.4400630444429078,1.6450408259446643,1.7294230733382596,1.948343866093389,0.9922394819645386
3_26,8.29730753697294,0.9467100246978062,0.6830578301202748,0.5742343537871901,6.806268743331911,0.4493929700796614,1.3333859225423348,2.2393389416462552,1.8782415499658782,0.7920621268557463
3_27,7.431858564187962,1.1475064719173143,0.6536271640788114,0.561951603778698,6.624525695640307,0.42609117980248357,1.527369372203248,2.4744305406488025,1.9162009494647856,1.2364384582775858
3_28,8.817207569124214,1.1161163439706294,0.5674381512598395,0.43259811833936346,6.32433023470623,0.5421144951168062,1.281710402929291,1.8634274644489397,2.0070532829269667,1.0480039371777208
3_29,8.12812826348128,1.0787410708619394,0.5098019344633796,0.4852309070853081,6.446110085611436,0.424074898357226,1.378748827615948,2.319019188710001,2.0580169486426936,1.172127875170786
3_30,6.594116337304246,1.1915421116060863,0.5572337676375905,0.4860439445736653,7.769011228929513,0.42206737804019323,1.6933152964948293,2.041639893064129,2.3509257169160684,0.8941043254336778
4_1,7.186214477197337,0.8090435825168659,0.5871607697530307,0.41305738031872086,7.83969651031836,0.43661545614162645,1.419631290539059,1.845065269243908,2.3025634072738685,1.1609518566972263
4_2,7.967026489464241,1.0157409226100982,0.6861519147525751,0.512878153251359,6.4430212027805975,0.5296243373104077,1.6157037955207807,2.2933503545028784,1.9666106848943525,0.9698921449127111
4_3,7.275141435881289,1.0133494018496259,0.6021938925167941,0.5229797022891931,7.659618736056542,0.4701351024942705,1.5255927364830233,2.1800067934847975,1.9067938002166012,0.8441883987278616
4_4,7.5722714750436975,1.0683217399939753,0.7092967435155298,0.5628882390716559,6.559055699173667,0.43741045696204994,1.5356458966891726,2.2432945089482437,2.1597662589651243,1.1520489816368813
4_5,8.728363949022782,0.7902866708693101,0.6508684368653032,0.46477699205619205,7.344315858563773,0.4671309283065276,1.3505936746158824,1.5546705122781197,1.6603179124578809,0.9886750649642284
4_6,7.819779495173548,1.032407034445956,0.6438084190247919,0.43537609846770076,7.704643118038737,0.48838023613496384,1.2986150067593476,2.047111354276112,1.594388545605953,0.9354906920728869
4_7,7.0897608831711185,1.18326397322622,0.7231180968059546,0.5034486424758278,7.522488036817117,0.5383542946297484,1.5288113100339915,2.0430628615979556,1.8239924572998825,1.0436994439421854
4_8,7.907861064494876,1.0437829907227636,0.6880790528539396,0.514526755854154,6.781677854432396,0.5900428167781665,1.5691180965620055,2.232788424845669,1.8044473399866838,0.8676756034693476
4_9,7.956934125991836,1.0314890976770763,0.4430440184888157,0.37318592723129296,7.65985424453411,0.3847114635650536,1.326420606126355,1.7170959468906166,2.12740962275337,0.9798549467414788
4_10,7.889037315970704,1.089531801388314,0.4745573280815728,0.490916502211153,7.54410932832144,0.3887833497186802,1.5192873898690564,1.5445802008418363,2.1672904545020697,0.8919063290951713
4_11,7.002069975986787,1.2067395618742396,0.5308936331458474,0.534929185011781,7.931206543225864,0.44447821124244463,1.3013790162998278,1.9813962277914414,2.0559340604271865,1.0109735849945782
4_12,6.609000620320424,0.9778299676169309,0.6132669482048672,0.5608823548014457,8.266920204229697,0.5306317277410603,1.4359832749242598,2.1381076977462725,1.8224951472464586,1.0448820571685862
4_13,7.882551044832159,0.9926136803228545,0.6063076933564227,0.5080670227601254,7.467881101818051,0.507260611237478,1.311489860454536,1.9641250172535814,1.8710688949133953,0.8886350730513976
4_14,8.17126486058601,1.005154862624436,0.5909401010749982,0.5675488935919204,6.782817115027626,0.5752377543146268,1.6492389666907106,1.8147170099844314,1.9618491694815035,0.8812312666237366
4_15,7.933484966915765,0.9120575586413795,0.5345979290497112,0.476825895057793,6.680340424961816,0.5942048178597559,1.469036530860706,2.0870605949242083,2.260968721082347,1.0514225606465166
4_16,9.165153327261542,0.9104772436112474,0.5693973756230817,0.5533927126851899,6.105311635150919,0.5816726337562241,1.4135843636784011,1.7079422928541945,1.788772725284788,1.204295690094416
4_17,7.947133389821374,1.0144026937430075,0.46807695026357765,0.4726478920002263,7.5342905406846805,0.4253329260156349,1.6047371559269141,2.02823031912686,1.6466944132059789,0.8584537192117474
4_18,7.532056182341568,0.9870384511302843,0.5346619485067038,0.5721703541658288,7.984211154715961,0.45592104130460764,1.1775542250337718,1.6728444008335022,2.0933702962786525,0.9901719456891234
4_19,8.314218479377562,0.9532598606364702,0.5755439839124039,0.36363299491816553,7.513531119314862,0.4844368523404623,1.2692947932755128,1.7342390159724823,1.7080252634199509,1.083817636832129
4_20,8.37241044295486,1.1594113825962178,0.5717833858049626,0.5779500719461582,5.9253985655489565,0.45954396577597806,1.6962214684926975,1.9350288992277143,2.1305434497675324,1.1717083678849183
4_21,7.709948503892633,0.8571446295676921,0.643908577917008,0.5119403142439536,7.82017177748769,0.4526354673118378,1.4293582680154189,1.7633226248988012,2.023586179653524,0.7879836570114427
4_22,7.345909910416352,1.0080842903274994,0.4739229987842663,0.46079130651093303,7.63313286799798,0.5103617581595582,1.5947920789166483,2.029403410912656,1.823766515194097,1.119834862780011
4_23,9.228477618377877,0.794138755050799,0.5758220287015996,0.5438909875392552,5.604385191688356,0.528505182198834,1.3058254136019634,2.261852373325507,2.156950514810616,1.0001519347051917
4_24,8.368789068728509,0.9402552569406779,0.6039146204193324,0.5217027253655788,7.626424870294018,0.393159457842071,1.481178054941324,1.549255607235782,1.6395222896949249,0.8757980485377812
4_25,7.773313754796134,1.2210453690573784,0.7287709671647344,0.5133185125383685,6.775761754637652,0.6217430219597827,1.4944934741548495,1.9867969487732995,1.9363385846335561,0.9484176122842461
4_26,7.6241805030433145,1.078849875341066,0.6892986368779697,0.49839227642593587,7.508206437927566,0.40050978459046704,1.2111689506096266,2.2973155611922973,1.6898688098870704,1.0022091641046835
4_27,6.813305401097024,1.053523742045156,0.7565666001079205,0.43831433973082295,7.6670650736216075,0.5870012359395824,1.664880224968143,1.763195785082976,1.9739740869301885,1.2821735104765803
4_28,7.35399720069362,1.0657952563915944,0.6129339916206749,0.585503394409626,6.834317454489414,0.5829077122696241,1.7913136612668072,1.8356542434194711,2.1138240804937536,1.2237530049454135
4_29,8.626895010205626,1.0540005252888318,0.5254408919642546,0.5331201740592826,5.961271457969172,0.4625842889847107,1.6315813686817986,2.124575160454382,2.0888129497809893,0.9917181726109556
4_30,7.478405340536142,0.9532665191175327,0.618628468678874,0.46489385810355244,7.484836043955979,0.6061753454147251,1.2830541519761427,2.4297664334251894,1.8269277532930128,0.8540460854988479
5_1,7.512028958907964,1.0810859484992075,0.7253178049363405,0.46148398606305163,6.36585492292195,0.6083321601741408,1.8297889795127644,2.608255962339628,1.8948954685191186,0.912955808125832
5_2,7.653075504631428,0.9633662835842147,0.5375183741575857,0.5023538780261756,7.280914553043772,0.4325308689503703,1.636466069194935,2.3048006047037686,1.6234224537628772,1.0655514099448762
5_3,6.730172640129301,1.2243729635027711,0.5418506411009043,0.4718004154029675,7.38032315382288,0.5852005450000825,1.7021311782968367,2.114880546353546,2.4183482993100744,0.830919617080638
5_4,8.291583552523202,0.9047988237821565,0.5978331091531182,0.5663375386104075,6.052148299084054,0.4689880384640316,1.3112686219123697,2.2695716048298564,2.304751562592394,1.2327188490484111
5_5,7.935027633981592,0.8836867135233333,0.5686258266355233,0.508731971034967,7.558534715733389,0.43056103988405037,1.3701711190638257,1.8572345946188615,2.09335119189518,0.7940751936292783
5_6,8.35736851226536,0.958021663131644,0.6067627556320525,0.6498695611035847,6.77331669265398,0.4636473651934292,1.36824370866554,1.7780836904685113,1.8782031355543058,1.16648291533159
5_7,7.9590302581011745,1.1597449587196698,0.553576597785524,0.44214806594719214,6.710791075093734,0.546754667393039,1.6126419143800121,2.219268563870353,1.8606536289723747,0.9353902697369272
5_8,7.634972272123554,0.9244173417748216,0.6850721422050481,0.5105480179624011,7.208530650715037,0.5434492725499105,1.3435534863941536,2.1384808514588753,2.073783001543537,0.9371929632726608
5_9,7.073580926333468,1.291695599894132,0.6246147653628812,0.475344001544614,6.8578378456731155,0.6025369564847258,1.9380778691545961,2.0009595011810335,2.132897355885195,1.0024551784862388
5_10,7.003624848765607,0.9312631029478979,0.6419188378580086,0.5881510448006724,7.514715030992196,0.5352489587477132,1.5842812782386546,2.2146338949848756,1.837534201125729,1.148628801538647
5_11,7.197718780577194,1.1647551294172678,0.6651219331757972,0.5542438563507872,6.853207174814835,0.6028179838825241,1.7770869950157473,2.1794533647828094,1.9054945593893926,1.1001002225936505
5_12,7.001186925577694,1.0660149770296163,0.6331134511774068,0.5264021165601925,6.648337176475694,0.6384015565035451,1.9068691798516992,2.3612632888512493,2.3104868658251885,0.9079244621477138
5_13,8.58084516477096,1.0453005266480893,0.5130788884934774,0.39026088057067965,7.119154628107125,0.36455528043638563,1.4993979928227743,1.5545680903653172,2.1725061345106242,0.7603324132745676
5_14,6.843477996379404,0.9453835752000319,0.6403316158495561,0.5918604889792578,7.310011633778219,0.4746343051638811,1.7875369212147438,2.1614417402781547,2.3214787666199403,0.9238429565368096
5_15,9.214963023707307,1.107710965760535,0.5803700264208428,0.5888426172752593,6.02123063000031,0.4105525334806812,1.7580947643292189,1.6548669370680584,1.8456272454794824,0.817741256478304
5_16,7.656595447814141,0.964905557326027,0.6940159079688003,0.4885208996792096,7.136342393729577,0.5173822953613041,1.7170964587053879,1.921383417757632,1.9780291817098083,0.925728439948112
5_17,6.9812138634737355,0.9290298729132923,0.630953285476934,0.5545558522168068,8.223240102416147,0.5224398922436184,1.4113329702267763,1.8502283932837023,2.0473724170315757,0.8496333507174105
5_18,8.35705833804342,1.0878221943653974,0.4970481665688996,0.4892003376721876,7.213247693643567,0.4815843509253476,1.4178917414236663,1.652306923372107,2.014233868824138,0.789606385161268
5_19,6.901873377946609,0.9959688406734293,0.69645373122203,0.5530546284696436,7.762856062938301,0.6156148272186468,1.2675383039149408,1.9938684955371326,2.3551991445891733,0.8575725874900937
5_20,8.319260753938062,0.9170572348488155,0.6419465365489405,0.4793180965825998,6.87940567548617,0.5688367168353496,1.6922625835011096,1.6722121725290304,2.0353085361775585,0.7943916935523643
5_21,7.982771580204066,1.0074517465069848,0.6083357223035302,0.4173295569400677,7.074645838422024,0.5274359863162491,1.7621264985214902,1.6672766686225589,1.972878321302327,0.9797480808607012
5_22,8.941851609547841,0.96517808980374,0.5193190270100553,0.5788671940014005,6.099248669703768,0.4396691958690664,1.3145925439544617,2.310540320427741,1.87419574726917,0.9565376024127596
5_23,7.810946235226762,0.9898703698058593,0.6859941587637465,0.4233933521520847,6.58432011369926,0.4750612409443927,1.719215729118853,2.501732785475893,1.7573412483173665,1.0521247664957851
5_24,6.942381686064229,1.005903815152034,0.4900253742546645,0.4378857586644055,8.10383073411095,0.43392456545442665,1.6418884085879393,1.566922401479105,2.2744103861194,1.1028268701128474
5_25,8.284532913032423,1.1181443126239672,0.4874626856573864,0.5083789396836847,6.626323413231225,0.4329451931084748,1.470080208575273,2.014736952629781,2.185709997911487,0.8716853835462989
5_26,8.159351429157276,0.8119276592012976,0.6966722531456836,0.4795662782306638,7.012624076995636,0.46909563733184806,1.6016560394780401,2.2744665932843424,1.6177580229192765,0.8768820102559313
5_27,7.687911071489983,1.1465248273647353,0.6214402504348471,0.5194914777774742,7.552529527249657,0.5092673980379863,1.2041012943261895,1.7615740636147552,1.9596138353226675,1.0375462543817013
5_28,7.8543768433262,0.830236353977565,0.6449501285931482,0.5100296420684565,7.4830407053331705,0.5123803935666057,1.50603008805676,2.127481552098608,1.580827203883052,0.9506470890964398
5_29,7.244765247740201,0.9355331631060045,0.5747984838873683,0.4580172095438665,7.697926739766482,0.552136677782709,1.2131748483620606,2.043798332083875,2.1862459761556097,1.0936033215718244
5_30,7.774659448238684,0.8286885660231766,0.593664027037027,0.4198031254875314,7.408646163678414,0.5821334357277469,1.4682760216985487,2.1348006538785596,1.6728837900197693,1.1164447682105416
6_1,8.013203758309071,1.259482903343317,0.6995668050514996,7.136874063984079,0.5788665941837359,0.5683980343109062,1.532174582087277,2.076909620580223,1.254042666217131,0.8804809719327606
6_2,8.376479463256075,0.9004483093795643,0.45262129455966194,7.541601489585797,0.5109104050686868,0.5450318457575173,1.5929296001588191,2.198912383078895,0.7748202320418915,1.1062449771130942
6_3,7.191708159072258,1.1857441915167521,0.6318297552635332,8.455406485091203,0.5359834198647854,0.4709660896289241,1.2575302414514644,2.1770390679015614,1.0393313853384991,1.0544612048710222
6_4,8.301248061619733,1.1229271735436968,0.636201622667367,7.183418416566772,0.6028409893082206,0.5999802028452473,1.6932587191044388,1.8758886996174202,0.912124652817784,1.0721114619093184
6_5,8.114356010964453,1.2150508797349908,0.6066044037992828,7.74478519671548,0.5019168525016299,0.47355361997330614,1.336354380735303,2.1176999198894944,0.9391692869278263,0.9505094487582294
6_6,7.415776356397279,0.8018489566587526,0.6126337554624323,8.6480718833436,0.5341029770742092,0.4573183808755417,1.667860250859404,1.8786471371915336,1.018721627151123,0.9650186749861283
6_7,6.7674693279561,0.8910355435640271,0.4933203310284223,9.165684818250842,0.5284194666654646,0.5450473558218643,1.5881945776654236,2.112080880497836,0.9645265257030141,0.9442211728470078
6_8,9.178721790494826,1.0415392619837902,0.4973094730586419,6.88391390584372,0.41469442293514147,0.4107425988494985,1.3345668510837938,2.196841401570887,0.9376057472650562,1.1040645469146442
6_9,7.810874846379332,0.8781865875171029,0.6516896341287972,8.571852787755644,0.4241121684735935,0.5344701961943055,1.1673027510458502,2.0846386281878564,1.1015615364132034,0.7753108639043149
6_10,6.7121032170481385,0.8419868437847478,0.6926842816713102,9.419401547101005,0.4798272181502809,0.4285523559768249,1.4059716624112633,1.9125145051530676,1.196324488626475,0.91063388007689
6_11,8.424681599364884,0.877378392872579,0.4944826887131255,8.354963067658764,0.5085196980330821,0.48693857753582026,1.2928071372747267,1.9682529633966412,0.8323212973827632,0.7596545777676146
6_12,7.793575865097726,1.0494691100439755,0.6207728307977236,7.978688327489682,0.5164576004174093,0.4736972448876443,1.6729115417610658,1.9865971275812315,1.0606664513517337,0.8471639005718109
6_13,6.901745025893081,1.0671809568280288,0.5717349451307179,8.871775777706032,0.41927014046626354,0.40567024335309726,1.441141071758319,2.008254011447174,1.1559592352686865,1.1572685921486012
6_14,8.41348214095569,1.0417724642048842,0.6067022780561566,7.9220543995823505,0.42862786627070587,0.501287971117789,1.4422114117705618,1.951697837748314,0.8509097335842315,0.841253896709317
6_15,8.21510495512687,0.9755210981342248,0.5673887192648782,7.4462511811569145,0.569662080821208,0.44544815184990927,1.7029935117740447,2.0281438567772705,1.0208014086171884,1.0286850364774889
6_16,8.807213017355524,0.9749084276899302,0.5438873213316328,7.271569244293548,0.4811051740182739,0.5377439923790112,1.3345642139234637,2.140841726493351,0.9451391951308368,0.9630276873844268
6_17,7.109432716338478,1.1003188106070547,0.6710730511170866,8.172030043036681,0.45835398550683903,0.5363429891713354,1.7835810369380445,2.0456714171598445,1.2286600028893093,0.8945359472353288
6_18,6.900230980312616,1.1262713837477083,0.5168079951934664,8.495293381701483,0.6230661239208573,0.48880045656174237,1.600283059635142,2.2196952583321723,0.86188562364209,1.1676657369527235
6_19,8.218615489297658,1.0090875745876535,0.5985684396836148,7.891737670369094,0.558158055829183,0.3980380297274914,1.6540548852276944,1.653399720445708,1.0446397805375902,0.9737003542943116
6_20,7.66704672216452,0.953220107074384,0.5805138935894374,7.49565927551984,0.5254357826513165,0.5813346300064969,1.8005391333487282,2.345985598403166,1.1197754212802176,0.930489435961896
6_21,8.355895098087531,1.1209557373570314,0.5246195653819845,7.773264941206602,0.48746225520691633,0.5659481419989373,1.3432891738537587,1.91528439330357,1.108190328825816,0.8050903647778573
6_22,8.73059424426142,0.9781373179603106,0.702419051025112,6.945024089068696,0.49984722455508157,0.5412493153225115,1.6006388297754832,1.9470890228351536,1.1081137184037433,0.9468871867924882
6_23,7.579719404041816,1.0107924286577628,0.6532764789331782,7.8789659527842355,0.41860567177230384,0.56949722307458,1.6991370516351156,1.9853815249470674,1.1864576614981728,1.0181666026557634
6_24,7.317683829590756,1.1198145561143444,0.7419253125843849,7.683112091101817,0.5332429785029739,0.49394920615964044,1.7608798201694857,2.1464002570036005,1.0730291165046246,1.1299628322683741
6_25,7.949636115284143,0.9159345847385827,0.7018691725197227,7.828654303016332,0.48879496148365076,0.6293234186636248,1.3346928349014133,2.05534176826937,0.9204743659933858,1.1752784751297718
6_26,7.412396262061257,1.031549975088204,0.7353861792674641,8.060834677568742,0.48116698667143487,0.671926142169986,1.624764818348421,1.9535532914712488,1.0526273127047812,0.9757943546484633
6_27,7.307431504549021,0.9300224237846544,0.6085866500162308,8.723549308094956,0.4453783498831402,0.49925607209181866,1.7486922219651952,1.7911378605910437,0.899205833063375,1.0467397759605659
6_28,7.377772772574723,1.0590364173087312,0.5232512515607736,8.289159029056183,0.644448148647217,0.646471681996752,1.4324762456230555,1.9237130087422183,0.9327976927126284,1.1708737517777175
6_29,7.884103042327164,0.8128751276111222,0.661576603222892,8.130594322248415,0.4934971826524029,0.5332287915972328,1.5941627777466763,2.1616851785145355,0.8921053118038567,0.8361716622757024
6_30,8.1347223067946,0.9663519902899309,0.5707090087412302,7.041865131126302,0.6429891413864657,0.5668840464957596,1.4702282823702666,2.4183484656531085,1.1186176366259724,1.0692839905163654
7_1,6.6686258956435065,1.0843350867320938,0.6512521396114739,9.342374519869601,0.45656715882422916,0.4927037175354232,1.2418083539674307,1.991593288282679,1.0588838039133344,1.0118560356202329
7_2,8.907928238522645,0.9259582106899915,0.6296156064170111,7.299917650284008,0.5321434783018315,0.4640791524606025,1.4648915217434153,2.066189731697106,0.8576201732678912,0.8516562366154925
7_3,7.260691193653334,1.0450609818433587,0.5355287696389692,8.888130626531217,0.5717247882103911,0.396596448294594,1.5588911716367058,2.107076281551239,0.7866228577196583,0.8496768809205337
7_4,8.226932360454779,1.1820435570272783,0.4916402848999302,7.576725385959774,0.4196042885355926,0.5366074571331195,1.583243737936604,2.239120377489733,0.9146971468285103,0.829385403734682
7_5,6.490972503592615,0.9400414489946519,0.5294012512918074,9.557132126826483,0.5436286052346518,0.559664070087605,1.7202435964121237,1.7296901604998522,1.1021950010878758,0.8270312359723344
7_6,8.315635223093611,0.8552392019070727,0.6230285896391845,7.915849056319692,0.5764682906856747,0.5712528280695727,1.3506610561339758,1.886427592153203,0.8790591546595022,1.02637900733851
7_7,7.334993946826909,1.1855843805221786,0.6614260647055753,8.732564381293663,0.41840941510800456,0.5312704563884809,1.5135837695215246,1.7386626310344764,1.0130197589476952,0.8704851956514965
7_8,8.827050859989358,1.0414187774554773,0.5916853829166101,7.3446266891831,0.5327689319529381,0.5478367388935879,1.2197290135809622,1.8014374311870394,1.0596306167744982,1.0338155580664317
7_9,8.249210558089139,1.173279401070988,0.681383338696401,7.534969658130729,0.45275600899036283,0.5735790816480266,1.8234903313633704,1.6895204160371904,0.8915812342957583,0.9302299716780409
7_10,8.329919569447664,0.9343348902978059,0.46956573542640667,8.4669789674385,0.5313573299465227,0.4012712472263029,1.1915311952129788,1.8764863886818592,0.9001239595602644,0.8984307167616955
7_11,8.647228600848134,0.8860729125535385,0.4735250786037213,7.670329014449393,0.47347556816340197,0.5014685006937986,1.4650628932141612,1.6589809896111638,1.1542302738723684,1.0696261679903183
7_12,8.36223306172237,0.89519690686373,0.48619130612510475,8.5519907448029,0.48429306695918617,0.37221998726624755,1.1025110496576755,1.8699732306531924,0.9883693144692844,0.8870213314803077
7_13,7.09095984549341,1.0832931091914766,0.6353384628741725,8.906138820829964,0.5160021401655905,0.6121973320374707,1.2778828228097234,1.9475064874491461,0.9901893621858716,0.9404916169631741
7_14,7.174469610616957,1.1104992018008013,0.5649731026754037,8.590135991189566,0.5776561754623071,0.5384497882805713,1.3651947135338411,1.9193180407366477,1.1526775928238624,1.0066257828800458
7_15,7.915940725242995,1.1017452178901717,0.6367330008928425,8.029883786948485,0.5195182214093537,0.43975798798392934,1.5260318302410791,2.025078225851458,0.8517787243731022,0.9535322791665828
7_16,8.531707532938093,0.9050769428931588,0.732468172305896,6.965764660304855,0.5921957454900955,0.4355924244077216,1.716108014897551,2.0946745442622148,1.0491196752565801,0.9772922872438325
7_17,8.988357733899786,0.9631279333125629,0.5634078676002775,7.080647880057613,0.5757619764740842,0.6291249431091894,1.283714441111084,1.8076121577291182,0.9433318503051982,1.164913216401087
7_18,7.50537307416801,1.179863801429247,0.5023304992160088,8.312630886417605,0.5549491190497614,0.5217150733880547,1.6910582789260067,1.6902074541316376,1.162603639654371,0.8792681736192953
7_19,7.060392912891599,1.2466662076623276,0.6205087111436183,8.0454504430203,0.4267766679172066,0.482538275703553,1.505895927692817,2.5070661149700806,1.0590215635259503,1.0456831754725464
7_20,8.922129117368012,1.0903654099599507,0.5066152494359135,6.986245735688463,0.48790510892817984,0.5566817078970498,1.3588407263894722,2.206480641666346,0.9505067584151021,0.9342295442515076
7_21,7.4473184177580425,1.1161223235754705,0.5363213210881342,8.484203955186127,0.482219502724355,0.552909642430194,1.4544108914171354,2.05180262130913,1.0317235639317892,0.8429677605796241
7_22,8.110794723207105,1.0019618301563358,0.6521091183779644,7.798162441231046,0.42306315030390296,0.5210613357329221,1.6605998979247834,2.136355285924127,0.837680031076839,0.8582121860649772
7_23,6.932646821353733,0.8614495787273376,0.6321110448250854,8.740324128861909,0.5809998512854762,0.5298802157147797,1.271326272597729,2.4245568526592116,1.1840612391587657,0.8426439948159743
7_24,8.187336398911546,1.0640936526507407,0.45188517116920024,8.39205008121776,0.3928424250397515,0.4160034930301971,1.1669832450799975,1.8430685614291256,1.0562974381121961,1.029439533359489
7_25,9.055429944483242,0.9569962353811545,0.6244505406853438,6.678008159397304,0.5557774876008168,0.3987005597510004,1.6341240291752894,1.9899992183224215,1.1205600552943493,0.9859537699090768
7_26,6.836535293357641,1.0223008881482427,0.524647054614079,8.911097453346684,0.4210438922912385,0.5955568916371676,1.8384435667253127,1.8770303411901235,1.0628367364298947,0.9105078822596182
7_27,8.52185551531569,0.8945012735219263,0.6068496430341558,7.134225487042256,0.48371381422664617,0.44764012670398123,1.7805480203697859,2.345520024346987,0.8948485637791541,0.8902975316594135
7_28,7.306756570468349,0.8650355816756521,0.5743438538635977,8.711210961004115,0.40896322827196907,0.4557077972904359,1.216133385291646,2.1872593704507164,1.112111278438542,1.1624779732449788
7_29,7.341909497649965,0.9642293772789249,0.6940893262844007,8.49029378632623,0.4057425160912964,0.455297976127174,1.651438514607691,2.0578474507614937,0.9299991959842722,1.0091523588885503
7_30,7.838890034194305,0.9143625469335579,0.5648521195783041,8.754716430517973,0.43702733751385137,0.5319318653784963,1.637025026511893,1.7121991252643274,0.764505593642173,0.8444899204651205
8_1,6.833622119961624,1.1342982843689566,0.6774833623861718,8.707876344700828,0.44041180952328157,0.5687077134888696,1.5197360122090124,2.105107436426087,0.8366666699834568,1.1760902469517123
8_2,8.565093094926151,0.981023946552338,0.510157798765411,7.204177901145044,0.5095117388989511,0.5701468487459884,1.4976175288165074,2.0170753395103,1.0858779422602312,1.0593178603790818
8_3,7.1563629379891704,0.9528631231726783,0.5649657623818304,8.559100266235797,0.42444854140855776,0.607867063684072,1.3913761340374524,2.3686761671548973,1.0130443892360046,0.96129561469954
8_4,9.611639484598264,0.8761278932992704,0.5105129886081142,6.716993655662884,0.45796887697656896,0.41591494697605647,1.346778572046863,2.181202384154301,0.9108163490441118,0.9720448486335649
8_5,7.773004448783433,1.2499504851519856,0.6079191318799013,7.628498963939222,0.5847575640409963,0.5532236233683456,1.456386837282879,1.7899841566986046,1.2530656070531276,1.1032091818015077
8_6,7.68246361967711,1.0979130558324361,0.6000501146467241,8.258807131786508,0.5815435294932432,0.5155658242603081,1.396225503910573,2.101960416949122,0.9343860920462719,0.8310847113977049
8_7,7.808736733072698,1.1423392069098803,0.527069482414753,7.764175475980858,0.5635479815765796,0.5919852079298333,1.5494133856541619,1.963374498606826,0.9863776524458365,1.1029803754085696
8_8,8.900186094490154,0.7762176064796277,0.5209358674823387,8.280812056137039,0.3973622838247204,0.43747411124653035,1.1928501421679312,1.8655748362640439,0.7830232789828999,0.8455637229247142
8_9,7.209895374333586,1.2116310509663066,0.7387496241913639,7.537346163871122,0.5938005169579841,0.5469369960486559,1.8713983742591842,2.223408443016793,0.9443412306312622,1.1224922257237415
8_10,8.620629350670693,0.8723892638759152,0.4851426713815138,7.366112098710415,0.4791409943407826,0.5416108052485845,1.4609523394999258,2.326433846112488,0.9246540317396621,0.9229345984200195
8_11,7.335145904741914,1.0017410139600187,0.5826913366931323,8.370663549022686,0.4804450507535535,0.4509549210034882,1.6177970810886269,2.073665087572473,1.0098041058769849,1.0770919492871212
8_12,7.000112640203921,1.0783578141211307,0.6425937771850836,8.2406327894256,0.5723553136212586,0.41329144678153196,1.679720095609483,1.9799470501487124,1.1798990324279846,1.213090040475291
8_13,8.130121627185165,0.9276229773882412,0.6345111859407395,7.686747398816797,0.41729234582939556,0.5582925854533947,1.4158347374121683,2.1520164225975393,1.0911613522890375,0.9863993670875224
8_14,7.789239222594474,0.8805690925313581,0.6554890788447746,8.367453963049677,0.5051105410742073,0.41762433678964395,1.565625537693636,1.7590368621584338,0.8648778818813804,1.1949734833824204
8_15,7.4046508302727805,0.9649372378726537,0.6987592184964175,8.707334677722242,0.5004292702879621,0.47449889003169926,1.3387182272491644,1.9986059643110825,0.9387255559843741,0.9733401277716243
8_16,8.204859661625385,0.9608825366532151,0.5951185937710388,7.789624088400029,0.5199787536095479,0.5741606576048005,1.5106848406639257,1.9196323135894096,0.9773040849637091,0.9477544691189419
8_17,8.396055687282114,0.8630845497213134,0.6307562267800313,7.174544971543299,0.44040329900068326,0.609925948584892,1.9012522033274446,1.8117285228793973,0.9495626778730993,1.222685913007723
8_18,8.031646139798696,1.0241053048713318,0.6820090795154681,7.365191110460782,0.47607961550888034,0.4511859429889761,1.701030114362588,2.1968211209482646,0.9062027061621138,1.1657288653828992
8_19,6.76795782587096,1.1974548149913264,0.5846648562643189,8.789810676847146,0.4513795797649905,0.6091848962544241,1.4349203209631862,2.289799641636491,0.9970374819697028,0.877789905437453
8_20,7.987362283959831,1.0689414161258566,0.7324606610193114,7.609820729225001,0.5295921094748481,0.43391425348562584,1.6680189767751958,1.9896395482865787,1.1342628130887398,0.8459872085590128
8_21,8.012814257117702,1.1499874438650437,0.7328032912838532,7.91766712130133,0.5765378059077245,0.4122778517269926,1.5467416404211645,1.9997279820851772,0.8286011106998339,0.8228414955911816
8_22,7.205805798141294,1.0154516734182022,0.5565568947889517,8.552885075608195,0.5434106639032106,0.4307205047835921,1.7101778069033968,2.0448411544104403,0.9267076089607951,1.0134428190819191
8_23,6.356934969767534,0.88121674077364,0.6616287256243459,9.10378201461056,0.5598965296889902,0.5439988275931524,1.7515033710135812,1.8594590597528855,1.1417721853927356,1.1398075757825739
8_24,7.226614945660652,1.1716162670136154,0.5381733980350097,9.203057356386253,0.4363785212577205,0.43434987692100446,1.3295155479383811,1.7376702308335898,0.9750282358585505,0.9475956200952222
8_25,8.710460005461478,1.017772378887336,0.5220117641295825,7.35088714222967,0.5079963927233482,0.44766589475943014,1.4055990776973126,2.314634660169008,0.8561680377641889,0.8668046461786467
8_26,7.6029228438107825,1.1718717377067347,0.5536937717309334,8.399966150005257,0.45926377168870564,0.42488258110532584,1.472919231265163,1.860670195485727,1.1009911412249318,0.9528185759764387
8_27,8.982913690189186,1.0541917383725827,0.5208193222755437,7.442872166103006,0.47206038716856,0.40643633600669926,1.2654332626819011,1.7616364564594509,1.0887536274450162,1.0048830132980562
8_28,7.391858992260621,0.9724728822681731,0.6601960051985966,7.580243726190252,0.6417156928317351,0.6299416630909406,1.4484545577650456,2.59701688407449,1.1721938279402278,0.9059057683799201
8_29,7.650482999155271,1.1595904045686316,0.6101979077465673,8.608195089213423,0.534329930270856,0.46168614446732575,1.5308733609420664,1.6098819874399468,1.0494364175924418,0.7853257586034712
8_30,7.5526155117889795,1.1787752055760115,0.6804463838053335,8.154629440125955,0.5417869988658653,0.4915842047672046,1.5079120334810692,1.7180890032266043,1.1333676972822526,1.0407935210807246
9_1,8.556262209679032,0.9091246948841567,0.49470199959871375,0.3978831805850059,6.687398683817829,0.5410534025031153,1.3171930058806212,1.8586285323399805,2.0958914742377686,1.1418628164737794
9_2,7.532997326936346,1.1341001948817624,0.5916698541877299,0.39663953664617846,7.591755147358279,0.5316848373669076,1.5266153316681055,1.752876347478466,1.8444963170181998,1.0971651064580255
9_3,7.4189259831595376,1.0178081279320876,0.5971258966193043,0.6096602188653816,6.938580086465314,0.5365962802788287,1.513918096291813,2.1517171802420823,2.1429525731895325,1.0727155569561213
9_4,6.611525773444219,0.9143805936457774,0.5878543419279263,0.5044111832060905,7.9881649983048035,0.4000002180810796,1.7320878779381967,1.9088801329174165,2.269874284740167,1.0828205957943235
9_5,9.038906184243228,1.186881397202613,0.604240721953891,0.5642286844928432,5.835387165345069,0.4783249462137107,1.2873065034225866,2.2376629877491094,1.8042691286504298,0.9627922807265159
9_6,7.817338049522805,1.2416937075135455,0.5755608259948952,0.5553662583169758,6.422190224374125,0.5759749927660058,1.803494883864562,1.9704607156531346,2.182506228403476,0.8554141135904723
9_7,8.940803799683128,0.8751229036932806,0.5093267189499648,0.425485603818072,5.6135046878501775,0.5288261540807487,1.5776769854450243,2.2978849881377252,2.1591543790282333,1.0722137793136408
9_8,7.5259667968687705,1.185545843244833,0.6963667214404502,0.6194579722055302,7.062500527801975,0.6106469634781588,1.3946511592169912,2.2194144550338955,1.7957254743540272,0.8897240863553705
9_9,7.520323238317658,1.1975469995189165,0.6761174343745173,0.5747731885684462,7.281356240262027,0.5152572788140959,1.3424497559810522,2.0417536921869774,1.8450225616359597,1.0053996103403473
9_10,7.181792512261343,0.8919608034343268,0.5750820921454444,0.4395269598266612,7.391364706781641,0.5648364998109737,1.7124172389048575,2.25076154241009,2.1358469208108777,0.8564107236137857
9_11,6.582137152719344,1.074967531276534,0.7259597844750191,0.5328526547513276,7.519847037187244,0.529403378130628,1.4079296578391338,2.356668286320636,2.3711250709630587,0.8991094463370732
9_12,9.023888523067505,0.8408325149817819,0.5906824827496385,0.4885023189537878,6.41581146660373,0.48517003910688894,1.4850664039320767,1.8067251778387496,1.9243164158688855,0.9390046568969534
9_13,8.362106641323278,1.0607121761271239,0.600929384736093,0.43330739624945863,7.137682790894456,0.38835732450694516,1.5246604608945635,1.5435958428914358,1.9628357278168482,0.9858122545598007
9_14,7.23086196536684,0.8742397301094029,0.7306912818746706,0.43259157824268824,6.845219665375715,0.40967704619835094,1.430098212933938,2.4164069920349758,2.4085205897575404,1.2216929381058796
9_15,8.418249123784229,1.1044218081297459,0.6707976547439154,0.4254563961616066,7.317945032346655,0.5528280906404165,1.2387695134661203,1.5403080970630505,1.9186085102740575,0.8126157733902073
9_16,7.885935608481264,0.8231996872218275,0.5566225161045647,0.40745099821942704,6.7814458413098695,0.5775530768947806,1.7026941347654776,2.1767951927045646,2.116339943131048,0.9719630011671734
9_17,8.397091393465836,0.8383940325388953,0.6691879531832743,0.4733466881859545,6.429009407110728,0.45812768242953805,1.5674307360391722,2.1222508009112415,2.1214833840605465,0.9236779220748146
9_18,7.65451525066147,1.19219538909654,0.5063546496075076,0.4675383536951966,7.338679218411137,0.5301996863901832,1.2645951850344361,2.032570834916952,1.834113088053289,1.1792383441332865
9_19,7.967501607976401,1.2158801046136039,0.6222020728484065,0.4341374115868969,6.50943241850435,0.5441007709338134,1.3001514167366781,2.073517451759308,2.2045503048238286,1.1285264402167146
9_20,6.5646085098762175,0.9974335630705479,0.6372562889283966,0.489466818800367,7.676768997340813,0.4159446119608433,1.6061971128911063,2.343034233396045,2.102339988166411,1.1669498755692553
9_21,9.077642926863684,0.8192011206149168,0.5940220929554051,0.5406448278692333,6.494239744577806,0.40493188052585194,1.5524870254755514,1.7400633946950492,1.777326010484495,0.9994409759380092
9_22,8.958846738132078,0.812710318799082,0.5535797100698281,0.5587635779826954,7.025991393577545,0.4136138833249948,1.2258633385146198,1.8483255960940093,1.5890104953268398,1.0132949481783058
9_23,8.848374368722544,0.9922411559886113,0.6839754133940583,0.570729573001612,5.8915484610356215,0.49499594487930837,1.4919920501891517,1.7767729888509032,2.402204538696664,0.847165505241521
9_24,8.201336443983944,1.1175664023629757,0.5952813273813113,0.546496040015402,6.325394577825547,0.6217193918475143,1.3365754263819234,2.1309451253114275,2.1697469331759334,0.954938331714018
9_25,7.618227428172226,0.8543466886864133,0.7006715116254402,0.4836145893686856,7.612313782641287,0.47063050669762885,1.469594363768444,1.8030650687070655,2.0496796214868525,0.9378564388459583
9_26,9.153763973778918,0.9281702883545644,0.5076667214497126,0.492731644102385,5.995832604763894,0.46266267275645956,1.6913990282575235,1.7218423754568692,1.9682939180075374,1.0776367730721361
9_27,8.912979966578282,0.8957138722281904,0.5644356877382175,0.5576396957431153,6.442843102068146,0.4994553194709589,1.4366233904266767,1.9187531951025463,1.9994985797456615,0.7720571908982035
9_28,8.08048324976668,1.0760833986479816,0.513175468562214,0.4423115184512221,7.543144977459192,0.5394319695869607,1.3559821866533261,1.8479195132654145,1.6099683306760153,0.9914993869309969
9_29,7.542362802808361,1.077313795611314,0.551836952267276,0.5354666085010837,6.323012688173435,0.4745977476274607,1.7869851432595858,2.3628890154292623,2.3946694969995224,0.9508657493227015
9_30,7.276686497619858,1.1814952157474106,0.686295165033734,0.5956326376162631,7.053370429169355,0.5686362649043587,1.371787089935704,2.026806201261354,2.1158915515393755,1.1233989471725838
10_1,8.182299119996628,0.8827037574764967,0.6796830781266334,0.4569236867733982,7.305690560979215,0.38261716897877385,1.2230590788901978,1.8846024300776683,2.1494270689665433,0.8529940497344459
10_2,7.050167929313949,1.1119212358865278,0.6792399173613568,0.594296101054938,6.862462394705945,0.609362708788242,1.4925569333459427,2.3865339758199102,2.2256028451121828,0.9878559586110071
10_3,7.491018653054995,0.8741431310016197,0.6755659680754685,0.4167312757272046,7.221592992936891,0.5758778026280771,1.62085497204253,2.20281775812387,1.9851913676348567,0.9362060787744868
10_4,7.7784759980797,0.9308518078035056,0.5564788456077339,0.4684255615454974,7.183926799627621,0.5223526962983375,1.2480961288051202,2.1784046812717075,2.2958162742217914,0.8371712067389863
10_5,7.834589487867291,0.996036588024442,0.7026000160186798,0.4727689195714454,6.356773423757461,0.5690498449940252,1.3953696702569067,2.329573331615404,2.2888197281406386,1.054418989753707
10_6,7.989246557538852,0.8772377661716415,0.6452869191237286,0.4464473372175267,7.208047212292218,0.5082914544877295,1.2688155667498742,1.9772879856938839,1.8872489460652297,1.1920902546593173
10_7,6.974668014817725,1.1632902415597401,0.6796569244405364,0.5251618886597261,7.038082806409731,0.5889932433366247,1.71806200674015,1.7795649165642133,2.450667377500694,1.081852579970859
10_8,8.266000988340277,0.9306433264474889,0.6347996048749046,0.4798077260948733,6.768195507470191,0.5937531907151725,1.5285999115885351,1.6931494029982415,2.0228111312579053,1.0822392102124128
10_9,7.455172624798301,1.1162003826056646,0.5241120447744664,0.424182871844653,7.645796879968874,0.5173174731089557,1.666483577496968,1.7127890547499107,1.8959569785528894,1.0419881120993164
10_10,7.632939247763101,1.1948321052874231,0.5409396125757171,0.44086797586108095,7.729711538703844,0.4199159412898191,1.570919800277336,1.8968740928952603,1.6702206310805887,0.902779054265827
10_11,8.71981830104377,0.9333257656869148,0.5255701730427511,0.4654954941017147,6.170512385994047,0.5962898737251068,1.7264765225754426,2.266036797783615,1.6432906866383572,0.9531839994082802
10_12,8.096701129201957,0.9848233767298717,0.48961916876562617,0.42922811504272107,7.197290237369616,0.5010490204172433,1.5156951949477335,2.0638582657444493,1.822149705625102,0.8995857861556753
10_13,8.507480715713498,0.8906673911584485,0.5378088625701193,0.45493419365058574,6.981609658078317,0.550682607872401,1.532430398886842,1.9243750917178701,1.5653479071999064,1.0546631731520144
10_14,6.759098657373444,1.195203821090202,0.6093057027109521,0.5299533000317872,8.29621527575767,0.5541778443721186,1.3747689973759538,1.9237204620305621,1.7253241134768424,1.032231825780468
10_15,7.011674790635478,1.1183136818026431,0.6020041827976554,0.5835453628036589,7.060976449559162,0.5403839774610727,1.8883386920805993,1.7768292424350145,2.269075840861981,1.1488577795627337
10_16,8.997593083505441,1.1587658929050564,0.6675511042936045,0.42376241099632045,6.118047549161741,0.41695270630344955,1.5777239035295159,1.7210231465035275,1.7887455440130577,1.129834658788285
10_17,9.473614276892409,0.8183840672743756,0.6157652157276691,0.5828765480819394,5.840808293881347,0.446566648087296,1.5223554847667082,1.809586601093633,1.9218432468994187,0.9681996172952032
10_18,7.218902239711319,0.8339079559341578,0.5614469668613192,0.5489825955126962,7.435774840131058,0.4510371673819461,1.441561873273097,2.382527356315017,2.2918560777337396,0.8340029271456486
10_19,8.721759340426106,0.88011153105561,0.5288517122963112,0.5326780872683591,6.403332884063309,0.43766472581494065,1.3886236358105948,2.1968850231104637,2.020302860492097,0.8897901996622071
10_20,7.412586993341227,1.0726244069403252,0.643572830139912,0.5506879125109014,6.6286843439675085,0.4689839010395801,1.3458963935310644,2.2445380773198775,2.5342657410286784,1.0981594001809198
10_21,7.952053230316089,1.107598799726687,0.46004195513590074,0.5055972574413334,7.43190927712628,0.5557510388600232,1.4232978426926162,1.6021722712497923,2.0638501646562237,0.8977281627950535
10_22,8.714820020739802,0.8952292602477601,0.7177547731841494,0.4814364006294101,6.034325683334959,0.6005727895548055,1.2784712556429607,2.2194176070027667,2.163304053730377,0.8946681559330121
10_23,6.821425157278302,1.0209720609398132,0.5106417068623281,0.5188325801311477,7.567978580868468,0.5824963549153133,1.8429045303766478,1.8693360577275593,2.4215148752823406,0.8438980956180798
10_24,8.950763043791554,0.8244976255934667,0.695550174146352,0.6139722375950255,5.996140388902942,0.4330442867359734,1.5741715173696842,2.1998122427001254,1.8803130964585444,0.8317353867063358
10_25,7.244049427718043,1.1956127076392282,0.5398270623237479,0.6336437653906526,7.0979881829075335,0.5815921645449247,1.4164652312958124,1.844474430510013,2.269423221815847,1.1769238058541993
10_26,8.432382351423975,0.8349399561342206,0.5731910089211502,0.596783967439261,6.539447726940821,0.5658016233357324,1.5416037930973177,1.6721882924974945,2.3953971915209102,0.8482640886891166
10_27,8.211042146599404,1.0158968798813195,0.6816613424498259,0.5215266925051043,6.889477305333334,0.4800575514577844,1.2092612319931941,1.9763867231501808,2.1276737572126527,0.887016369417205
10_28,7.001241834413694,0.8736172080847269,0.6751045908459424,0.5918273269257098,7.168263602894781,0.4858999325913579,1.6009743728107813,2.346504993530991,2.128495725433531,1.1280704124684862
10_29,6.84006837784537,0.9525257586452414,0.5211732959801227,0.5496359162066808,8.10754682939818,0.4964233977148211,1.7340758276485801,1.8105813141689495,2.148294037674927,0.8396752447171296
10_30,8.343480452001684,0.989146315113096,0.493085522084544,0.4556401418625382,7.312319362023576,0.46822977745601285,1.1426894523868134,1.6895612654536123,2.0966097365049814,1.009237975113143
11_1,7.099226006704752,0.9974119519694564,0.5962870750371752,0.5270109889494193,7.963199123509753,0.5029518993825823,1.655895521300458,1.66447812950946,1.9685086997464816,1.0250306038904644
11_2,8.941814028318252,0.7992427284807379,0.6312729473833034,0.47728577689261575,7.121177714292809,0.42582180878420384,1.3561774194656906,1.6528113327352645,1.7595247201394573,0.8348715235076694
11_3,7.312174479260799,1.3056101653143224,0.7690776687385036,0.6051182157321846,6.210885418409786,0.4826525453524789,1.6046677515364536,2.3058717928864647,2.4242507074378308,0.9796912553311736
11_4,8.90942683762309,0.9456461995107261,0.5435080039605771,0.4064796979266682,6.503672652152295,0.42798818201662736,1.2207873787490582,1.7044194409002824,2.3900449439118674,0.9480266632488061
11_5,7.15995096572205,1.1683890236703458,0.7101763199902494,0.5589208350445156,6.9670973480200615,0.49821684752744133,1.6907372484349021,2.377636605354369,2.028431775109704,0.8404430311263631
11_6,7.023777383741795,0.9698862774156386,0.6210447187162327,0.5476173981163995,7.790734651589245,0.5734704894886142,1.4734398102757098,2.316399970369943,1.6879254890119304,0.9957038112744899
11_7,7.494973140950074,0.9667042618532631,0.7120147034792176,0.5537249803005392,7.347271794297265,0.493810311063441,1.3392303902693334,2.0274841064529925,2.0183999405791364,1.0463863707547367
11_8,7.489103801626628,1.070211989188242,0.5677271324923572,0.5398935133947793,7.033938986491613,0.509497878389642,1.4264069857985313,2.1358136214285475,2.2058972076801524,1.021508883509506
11_9,7.305730991830712,1.2054793921943547,0.6873049875536601,0.6608802432880245,7.069828457810592,0.4514165554407777,1.4329411875294542,2.103567881185234,1.9401659224849324,1.1426843806822544
11_10,8.569132175712312,0.9083602260221681,0.6522548033044737,0.587922803395721,6.427590775323932,0.45114603276222665,1.398857529484796,2.0886348250512046,1.7977516633584685,1.1183491655846924
11_11,6.976854011579653,1.1407270059834702,0.6751736066580113,0.5680886295713165,7.827544630196464,0.49719795452919135,1.747749598637614,1.8660747521869128,1.7255649920884961,0.9750248185688681
11_12,8.433079667066643,0.7934045894796835,0.6324446029376602,0.46863561629354894,6.885675559425469,0.4385219840271305,1.3452975606922755,2.187319680151675,1.8446062012621818,0.9710145386637323
11_13,7.135298523948216,0.9703491222409316,0.5562965720108285,0.6054712105665722,7.085772505411059,0.4482626739523635,1.491886034286081,2.2336118991594005,2.2560145853333182,1.2170368730912333
11_14,7.117380913080439,1.1777915194857316,0.7002119669348399,0.5135127116063644,7.37707734836573,0.4807015456948676,1.3012743222059535,2.4125995416955166,1.7272961304905947,1.1921540004399622
11_15,7.731874284995804,1.01121149774643,0.5978281829258351,0.47146967959931263,6.416528459429602,0.4396077617435695,1.7745636306115096,2.3544846310940484,2.0337561720965804,1.168675699757306
11_16,8.10326686929574,1.05842340508878,0.48820517673974384,0.5143003526638175,7.80356987593016,0.4545914403007605,1.2779508964069932,1.6327771071546824,1.6847609504150387,0.9821539260042853
11_17,6.756456191469288,0.9188954719353528,0.5103795830610482,0.5146287326672425,7.910145551374444,0.5761741543927337,1.6413973621961857,1.7882465909106808,2.2756120848968733,1.1080642770961484
11_18,8.44987310567737,0.9339061207921069,0.662356278176012,0.5504583222953819,6.508045752333533,0.4636318935169485,1.6748828836277223,1.77399098632502,1.8774469611498399,1.105407696106064
11_19,6.813761141562361,0.979928028098571,0.651204848682011,0.5260682892463578,8.201531464697448,0.5225476571998985,1.7663783793032817,1.7303923375831756,1.7643519702168518,1.0438358834100452
11_20,8.040728993929921,0.7812101686935913,0.5662777764200755,0.38335056575080645,7.07760682363302,0.38557164053090576,1.5756103061711473,2.150066335816975,1.9543253544793902,1.0852520345741687
11_21,7.872685429017623,1.0714580290700424,0.52636783749455,0.5550845959177508,7.274974503297506,0.5305572896142026,1.5922217979199793,1.721659135645826,1.8709467549283136,0.9840446270942089
11_22,6.91972686368836,0.8840695716861724,0.5806519779287027,0.5118646797357941,8.056500553105057,0.5729546844382809,1.416477869336401,1.8484251526955915,2.3153176669017355,0.8940109804839073
11_23,8.189423485309181,0.883928287438666,0.5772507508195788,0.4315193727894902,7.077075984037943,0.4282752972680578,1.4349217760742987,1.9858551732815173,1.9431386790523506,1.048611193928918
11_24,8.181772563197349,1.172798513512919,0.5874745955240552,0.4836162106523735,6.516894761456958,0.40683313039442137,1.258100107061068,2.360685586105803,1.92601732159428,1.1058072105007775
11_25,8.36239471678784,1.0753768076385386,0.6328928257898019,0.6116973305666304,5.946678994695681,0.5332331130276675,1.6003342901259257,2.1212243312293486,2.0061166417676386,1.1100509483709264
11_26,8.845561078188789,1.0424480251108892,0.6465681490783768,0.4711573959338594,6.711110654864408,0.4227582756501215,1.5333340362897827,1.7037034855559647,1.659328680488488,0.9640302188393196
11_27,8.758017975867482,0.7638911191095885,0.54489615320597,0.49171795174699606,6.928346215954614,0.5297859491779194,1.2988529684887684,2.1437447188150576,1.7017487620015306,0.8389981856320761
11_28,7.520815123455094,0.9863991091534481,0.6248397152352424,0.44109214592762774,6.70635125983987,0.5575737749371938,1.278560045109012,2.5168953501249463,2.353814350624678,1.0136591255928922
11_29,7.501688152371646,1.0526274177758754,0.6066025865350109,0.5958501591041816,6.7253399358067,0.5970897888970114,1.8470287264796714,1.8764264924120937,2.084952971983664,1.1123937686341432
11_30,8.127712183441455,1.1186308690706528,0.5448107739150264,0.6347932763866122,6.44718019211962,0.5701016699091981,1.4696009438952196,1.784503461179359,2.12868802028862,1.173978609794236
12_1,7.152029493467728,1.004273038280666,0.6562237034864206,0.4673137569662192,7.524570730001251,0.47803659802108917,1.5437670524986236,2.138882672871412,1.9792920996420293,1.0556108547645593
12_2,7.482506697590181,0.912398965156378,0.6358151350961743,0.4873424184717493,7.649385216420665,0.40691803099584173,1.6785014354117125,1.6364234174233876,2.265849678609208,0.8448590048247011
12_3,7.416784446350093,0.9215793189706849,0.7295054285264897,0.5468059792149569,7.205626038820756,0.48385512699802335,1.6885192291482702,2.090880329489819,1.996795581346604,0.9196485211343022
12_4,8.573588711914393,1.1519948277273706,0.47914832757710685,0.4360824697885479,6.730760593193777,0.4417351318720262,1.3004564498335687,2.0465083741449894,1.8849151702196902,0.9548099437285322
12_5,6.844418269570217,1.0576655303541869,0.6266719212331583,0.517785058711125,7.958858563311169,0.5074702377660368,1.285862607334424,1.7009805881694129,2.32991474213563,1.170372481414644
12_6,7.673142793847971,0.9629834848057681,0.7810265447338958,0.5570935702317177,6.268541587698379,0.5324479384351998,1.735371302219632,1.9529242115802536,2.5955470295368714,0.9409215369103081
12_7,8.122186529928813,0.8868840646657298,0.5783816411634717,0.5699746995822534,6.3528621516311325,0.49264488739436996,1.379636579479798,2.3782372736178004,2.2880706989507584,0.951121473585871
12_8,8.478025117047006,1.065208068776195,0.47599160078339864,0.4676609143242867,6.536853350716578,0.506653397265806,1.3229053892085332,1.9759934853697194,2.2632402347146297,0.9074684417938479
12_9,8.107161141168223,1.105383787545104,0.5634293527063989,0.5768668754672315,6.54185030659098,0.4256724578897554,1.4453843741732253,1.8363854483875284,2.3740076507111256,1.0238586053604275
12_10,8.510625906275763,1.043813395302661,0.4672757518986432,0.47652477330666604,6.808036412376429,0.5310082783269009,1.207553397302806,2.0000894829639955,1.9907644682671157,0.9643081339790214
12_11,7.613698024639982,1.1212351572592945,0.6466815174438818,0.4265424894236456,7.0329926317677165,0.5831947223277101,1.3632378596481158,2.224654698299482,2.139693797386977,0.8480691018031945
12_12,7.357218461818569,0.8752065774466562,0.5081276943756557,0.4629520985776622,7.936674455259265,0.42735536683926106,1.4306158171502243,2.15955028983489,1.75803155078034,1.084267687917479
12_13,8.119141272014867,0.9337795504323462,0.6342362500487665,0.5383709656719107,6.539472189206498,0.5308021044208522,1.3782222779648632,1.705603211430859,2.4087618898211343,1.211610288987905
12_14,7.468678661982959,0.9336669685976281,0.5022953978353434,0.49777730896909606,7.623240732871626,0.561951226227204,1.233951567389508,2.0556066605562036,2.0441987614121513,1.0786327141582819
12_15,9.08136885666405,0.8377853058685967,0.5133936527550673,0.4182744457066824,6.3698972961823035,0.5036012590777733,1.6621149064179237,1.7039649913163095,1.815607969735456,1.0939913162758368
12_16,8.640730934348234,0.9061417485976573,0.5389782001487228,0.44506919150069774,6.138816384855632,0.5385122349847705,1.5410040375536798,1.9360957303066757,2.2474933262152437,1.0671582114886868
12_17,8.116055571593307,0.8435834104187425,0.721591486723075,0.6186821319309055,6.559841193471171,0.44919546005974276,1.6113452157977948,2.017229487639611,2.03605250900721,1.0264235333584428
12_18,7.486799900031371,0.9913902392858068,0.6617209328534422,0.4406275148809616,7.4027313320507115,0.5026429803290933,1.6261011075403962,2.337706607948131,1.7054918854199081,0.8447874996601814
12_19,8.002523092897036,0.9285114195304116,0.5290901846480551,0.5966223329726359,7.016148607114646,0.5757425069455484,1.7315383925214558,1.8777080162192132,1.6978107329958325,1.0443047141551638
12_20,7.945031475745713,0.8907818134015044,0.5411279152174038,0.48757660993919255,7.351494100479733,0.5019776773873387,1.660971606844023,1.8884655262000334,1.8365668619145645,0.8960064128704934
12_21,7.493033272596918,0.9384163813137059,0.51925357018227,0.4660906354021493,7.174758932437962,0.501154198552183,1.833905351891402,2.142151189523259,1.837559495573092,1.0936769725270623
12_22,7.476878113772907,1.1522873645618201,0.6222015797680882,0.5735714049713714,7.41797592012499,0.43631525724868936,1.6605414958477782,1.84011029558947,1.746023024988588,1.0740955431262982
12_23,8.016352197752727,1.0562136767340051,0.5753296723775321,0.5887389865796222,6.5037469396970025,0.4661022208922056,1.334188526746752,2.2179740671087425,1.9619830878571096,1.279370624254304
12_24,7.644015208262113,1.1830694322505484,0.6907272316147623,0.5541907120090597,6.482077421840046,0.4681852673948034,1.52032412612946,2.2136795777605913,2.143276846209661,1.100454176528955
12_25,8.521069809218224,0.9302514673743214,0.616207332176667,0.5674614829420277,6.031815590687294,0.4512547782431934,1.7127902299296993,2.0895437775392898,2.166853357428549,0.9127521744607385
12_26,8.12305972131886,0.9468356587994275,0.67431809647318,0.4895351438422815,6.508193058587501,0.552849820308383,1.555590239880286,2.287874340599674,1.8704123297463853,0.9913315904440247
12_27,8.406773603725672,0.9292650300998642,0.7134419919129802,0.4964134429187739,6.170622005235848,0.47989754554316544,1.6389893444456385,1.8956650582285777,2.063811367229664,1.2051206106598142
12_28,6.804789493662069,1.0071098751285898,0.5203451170923633,0.4561278355158721,7.33860404740342,0.5293281748180216,1.7525013141946757,2.2380682449357265,2.3612441034517087,0.9918817937975553
12_29,7.519012407300297,1.097137907556264,0.4894433288827872,0.392387489378204,7.873528366260308,0.5224728900759562,1.227773849836964,2.0864707211876503,1.6335054176330193,1.1582676218885473
12_30,8.20938306461962,0.9604364275423051,0.6594632541922603,0.4823650627846509,6.812020716060138,0.41920370125322004,1.3122345270748856,2.3795594843036887,1.6759146869573631,1.0894190752118642
